"Longos, Kalayaan"
"San Antonio, Kalayaan"
"San Juan, Kalayaan"
"Barangay Zone I, Luisiana"
"Barangay Zone II, Luisiana"
"Barangay Zone III, Luisiana"
"Barangay Zone IV, Luisiana"
"Barangay Zone V, Luisiana"
"Barangay Zone VI, Luisiana"
"Barangay Zone VII, Luisiana"
"Barangay Zone VIII, Luisiana"
"De La Paz, Luisiana"
"San Antonio, Luisiana"
"San Buenaventura, Luisiana"
"San Diego, Luisiana"
"San Isidro, Luisiana"
"San Jose, Luisiana"
"San Jose, Luisiana"
"San Luis, Luisiana"
"San Pablo, Luisiana"
"San Pedro, Luisiana"
"San Rafael, Luisiana"
"San Roque, Luisiana"
"San Salvador, Luisiana"
"Santo Domingo, Luisiana"
"Santo Tomas, Luisiana"
"Bagong Silang, Lumban"
"Balimbingan, Lumban"
"Balubad, Lumban"
"Caliraya, Lumban"
"Concepcion, Lumban"
"Lewin, Lumban"
"Maracta, Lumban"
"Maytalang I, Lumban"
"Maytalang II, Lumban"
"Primera Parang, Lumban"
"Primera Pulo, Lumban"
"Salac, Lumban"
"Santo Niño, Lumban"
"Segunda Parang, Lumban"
"Segunda Pulo, Lumban"
"Wawa, Lumban"
"Amuyong, Mabitac"
"Bayanihan, Mabitac"
"Lambac, Mabitac"
"Libis ng Nayon, Mabitac"
"Lucong, Mabitac"
"Maligaya, Mabitac"
"Masikap, Mabitac"
"Matalatala, Mabitac"
"Nanguma, Mabitac"
"Numero, Mabitac"
"Paagahan, Mabitac"
"Pag-asa, Mabitac"
"San Antonio, Mabitac"
"San Miguel, Mabitac"
"Sinagtala, Mabitac"
"Alipit, Magdalena"
"Baanan, Magdalena"
"Balanac, Magdalena"
"Bucal, Magdalena"
"Buenavista, Magdalena"
"Bungkol, Magdalena"
"Buo, Magdalena"
"Burlungan, Magdalena"
"Cigaras, Magdalena"
"Halayhayin, Magdalena"
"Ibabang Atingay, Magdalena"
"Ibabang Butnong, Magdalena"
"Ilayang Atingay, Magdalena"
"Ilayang Butnong, Magdalena"
"Ilog, Magdalena"
"Malaking Ambling, Magdalena"
"Malinao, Magdalena"
"Maravilla, Magdalena"
"Munting Ambling, Magdalena"
"Poblacion, Magdalena"
"Sabang, Magdalena"
"Salasad, Magdalena"
"Tanawan, Magdalena"
"Tipunan, Magdalena"
"Amonoy, Majayjay"
"Bakia, Majayjay"
"Balanac, Majayjay"
"Balayong, Majayjay"
"Banilad, Majayjay"
"Banti, Majayjay"
"Bitaoy, Majayjay"
"Botocan, Majayjay"
"Bukal, Majayjay"
"Burgos, Majayjay"
"Burol, Majayjay"
"Coralao, Majayjay"
"Gagalot, Majayjay"
"Ibabang Banga, Majayjay"
"Ibabang Bayucain, Majayjay"
"Ilayang Banga, Majayjay"
"Ilayang Bayucain, Majayjay"
"Isabang, Majayjay"
"Malinao, Majayjay"
"May-it, Majayjay"
"Munting Kawayan, Majayjay"
"Olla, Majayjay"
"Oobi, Majayjay"
"Origuel, Majayjay"
"Panalaban, Majayjay"
"Pangil, Majayjay"
"Panglan, Majayjay"
"Piit, Majayjay"
"Pook, Majayjay"
"Rizal, Majayjay"
"San Francisco, Majayjay"
"San Isidro, Majayjay"
"San Miguel, Majayjay"
"San Roque, Majayjay"
"Santa Catalina, Majayjay"
"Suba, Majayjay"
"Talortor, Majayjay"
"Tanawan, Majayjay"
"Taytay, Majayjay"
"Villa Nogales, Majayjay"
"Bagumbayan, Paete"
"Bangkusay, Paete"
"Ermita, Paete"
"Ibaba del Norte, Paete"
"Ibaba del Sur, Paete"
"Ilaya del Norte, Paete"
"Ilaya del Sur, Paete"
"Maytoong, Paete"
"Quinale, Paete"
"Anibong, Pagsanjan"
"Barangay I, Pagsanjan"
"Barangay II, Pagsanjan"
"Biñan, Pagsanjan"
"Buboy, Pagsanjan"
"Cabanbanan, Pagsanjan"
"Calusiche, Pagsanjan"
"Dingin, Pagsanjan"
"Lambac, Pagsanjan"
"Layugan, Pagsanjan"
"Magdapio, Pagsanjan"
"Maulawin, Pagsanjan"
"Pinagsanjan, Pagsanjan"
"Sabang, Pagsanjan"
"Sampaloc, Pagsanjan"
"San Isidro, Pagsanjan"
"Banilan, Pakil"
"Baño, Pakil"
"Burgos, Pakil"
"Casa Real, Pakil"
"Casinsin, Pakil"
"Dorado, Pakil"
"Gonzales, Pakil"
"Kabulusan, Pakil"
"Matikiw, Pakil"
"Rizal, Pakil"
"Saray, Pakil"
"Taft, Pakil"
"Tavera, Pakil"
"Balian, Pangil"
"Dambo, Pangil"
"Galalan, Pangil"
"Isla, Pangil"
"Mabato-Azufre, Pangil"
"Natividad, Pangil"
"San Jose, Pangil"
"Sulib, Pangil"
"Aplaya, Pila"
"Bagong Pook, Pila"
"Bukal, Pila"
"Bulilan Norte, Pila"
"Bulilan Sur, Pila"
"Concepcion, Pila"
"Labuin, Pila"
"Linga, Pila"
"Masico, Pila"
"Mojon, Pila"
"Pansol, Pila"
"Pinagbayanan, Pila"
"San Antonio, Pila"
"San Miguel, Pila"
"Santa Clara Norte, Pila"
"Santa Clara Sur, Pila"
"Tubuan, Pila"
"Alipit, Santa Cruz"
"Bagumbayan, Santa Cruz"
"Barangay I, Santa Cruz"
"Barangay II, Santa Cruz"
"Barangay III, Santa Cruz"
"Barangay IV, Santa Cruz"
"Barangay V, Santa Cruz"
"Bubukal, Santa Cruz"
"Calios, Santa Cruz"
"Duhat, Santa Cruz"
"Gatid, Santa Cruz"
"Jasaan, Santa Cruz"
"Labuin, Santa Cruz"
"Malinao, Santa Cruz"
"Oogong, Santa Cruz"
"Pagsawitan, Santa Cruz"
"Palasan, Santa Cruz"
"Patimbao, Santa Cruz"
"San Jose, Santa Cruz"
"San Juan, Santa Cruz"
"San Pablo Norte, Santa Cruz"
"San Pablo Sur, Santa Cruz"
"Santisima Cruz, Santa Cruz"
"Santo Angel Central, Santa Cruz"
"Santo Angel Norte, Santa Cruz"
"Santo Angel Sur, Santa Cruz"
"Adia, Santa Maria"
"Bagong Pook, Santa Maria"
"Bagumbayan, Santa Maria"
"Barangay I, Santa Maria"
"Barangay II, Santa Maria"
"Barangay III, Santa Maria"
"Barangay IV, Santa Maria"
"Bubukal, Santa Maria"
"Cabooan, Santa Maria"
"Calangay, Santa Maria"
"Cambuja, Santa Maria"
"Coralan, Santa Maria"
"Cueva, Santa Maria"
"Inayapan, Santa Maria"
"Jose Laurel, Sr., Santa Maria"
"Jose Rizal, Santa Maria"
"Kayhakat, Santa Maria"
"Macasipac, Santa Maria"
"Masinao, Santa Maria"
"Mataling-ting, Santa Maria"
"Pao-o, Santa Maria"
"Parang ng Buho, Santa Maria"
"Santiago, Santa Maria"
"Talangka, Santa Maria"
"Tungkod, Santa Maria"
"Acevida, Siniloan"
"Bagong Pag-asa, Siniloan"
"Bagumbarangay, Siniloan"
"Buhay, Siniloan"
"G. Redor, Siniloan"
"Gen. Luna, Siniloan"
"Halayhayin, Siniloan"
"J. Rizal, Siniloan"
"Kapatalan, Siniloan"
"Laguio, Siniloan"
"Liyang, Siniloan"
"Llavac, Siniloan"
"Macatad, Siniloan"
"Magsaysay, Siniloan"
"Mayatba, Siniloan"
"Mendiola, Siniloan"
"P. Burgos, Siniloan"
"Pandeno, Siniloan"
"Salubungan, Siniloan"
"Wawa, Siniloan"
